"Wed, 14 Jun 2017 07:21:04 +0000",【モンスト】※異常事態※「罠じゃね」「鋼の意思」まさかの『スルー宣言』続出うわあああああ！,http://monst-japan.com/gatya/gekijyuusinnsai/post-99400/?20170614064915
"Wed, 14 Jun 2017 06:09:15 +0000",【モンスト】3億円を山分け＆大量オーブ獲得の大チャンス到来！新企画『十二支再競争』の詳細判明ｷﾀ━━(ﾟ∀ﾟ)━━!!,http://monst-japan.com/official/event/juunisisaikyousou/post-99385/?20170614060915
"Wed, 14 Jun 2017 05:09:15 +0000",【モンスト】※激震※敷居高すぎぃ！アイツを”一点狙い”し続けたユーザーの末路がコチラｗｗｗｗｗｗ,http://monst-japan.com/gatya/water-yuen/post-99381/?20170614050915
"Wed, 14 Jun 2017 04:09:15 +0000",【モンスト】※精神崩壊※「つれぇわ…」「吐きそう」あまりの酷さに激萎え・・・。,http://monst-japan.com/quest/kourin-quest/tyouzetu/tousinn-karuma/post-99376/?20170614040915
"Wed, 14 Jun 2017 03:39:15 +0000",【モンスト】AbemaTVで生放送決定！謎すぎる新イベント『十二支再競争』開催決定ｷﾀ━━(ﾟ∀ﾟ)━━!!,http://monst-japan.com/official/event/juunisisaikyousou/post-99367/?20170614033915
"Wed, 14 Jun 2017 03:09:15 +0000",【モンスト】※超朗報※カインの難易度を爆下げする”ド適正キャラ”爆誕！アイツと相性抜群でヤベエｗｗｗｗｗ,http://monst-japan.com/quest/kourin-quest/tyouzetu/chouzetu-kainn/post-99370/?20170614030915
"Wed, 14 Jun 2017 02:09:15 +0000",※大注目※「モンストの終わり」スルーされれば”大炎上”待ったなし！あの『激レアキャラ達』の未来がｗｗｗｗｗｗ,http://monst-japan.com/kouryaku/jusin/post-99364/?20170614020915
"Wed, 14 Jun 2017 01:09:15 +0000",【モンスト】「ヤバイヤバイ」「やる気取り戻す」あの『公式発表』に話題沸騰！テンション爆上げｷﾀ━━(ﾟ∀ﾟ)━━!!,http://monst-japan.com/gatya/gekijyuusinnsai/post-99362/?20170614010915
"Wed, 14 Jun 2017 00:09:15 +0000",【モンスト】※悲報※難易度を超越！「一番嫌い」「くそ過ぎ」圧倒的な嫌悪で非難殺到ｳｷﾞｬ━━(ﾟ∀ﾟ)━━!!,http://monst-japan.com/quest/kourin-quest/tyouzetu/tousinn-karuma/post-99312/?20170614000915
"Tue, 13 Jun 2017 23:09:15 +0000",【モンスト】※ケタハズレ※「一年以上君臨しとるんだが」衝撃の数値を叩きだし話題沸騰ｗｗｗｗ,http://monst-japan.com/kouryaku/senreki-hit/post-99314/?20170613230915
"Wed, 14 Jun 2017 07:00:14 +0000",【モンスト】このあとシュモクマンが16時から登場！適正キャラ＆ギミック・攻略パーティまとめ！,http://monst-news.net/302671/
"Wed, 14 Jun 2017 06:50:16 +0000",【モンスト】運営が密かに押している友情がコレ！ただし、アレは例外だった模様ｗｗｗｗｗ,http://monst-news.net/302448/
"Wed, 14 Jun 2017 06:40:16 +0000",【モンスト】※必見※意外と知られていない33階攻略法！●●やろうとしたら全力で止められたｗｗｗｗｗｗ,http://monst-news.net/302737/
"Wed, 14 Jun 2017 06:00:14 +0000",【モンスト】このあと孫権(そんけん)が15時から登場！適正キャラ＆攻略パーティまとめ！,http://monst-news.net/302669/
"Wed, 14 Jun 2017 05:50:13 +0000",【モンスト】このあとカヴァレッタが15時から登場！攻略・周回パーティーなど！,http://monst-news.net/302667/
"Wed, 14 Jun 2017 05:30:14 +0000",【モンスト】※驚愕※新友情『バリアブルソード』ｸﾙ━━(ﾟ∀ﾟ)━━!?あの新限定キャラの最有力候補に大注目すげぇぇぇｗｗｗｗｗ,http://monst-news.net/302709/
"Wed, 14 Jun 2017 04:50:14 +0000",【モンスト】※激アツ※あの爆絶クエストの次回降臨日判明ｷﾀ━━━━ヽ(ﾟ∀ﾟ )ﾉ━━━━!!!!この時間帯でも賛否でるのかｗｗｗｗｗ,http://monst-news.net/302415/
"Wed, 14 Jun 2017 04:40:17 +0000",【モンスト】※マジだった※まさかの●●対象外！？超不自然なフラグきてた━━━━ヽ(ﾟ∀ﾟ )ﾉ━━━━!!!!,http://monst-news.net/302729/
"Wed, 14 Jun 2017 04:00:16 +0000",【モンスト】このあと13時から光源氏が登場！適正キャラ＆攻略パーティまとめ！,http://monst-news.net/302665/
"Wed, 14 Jun 2017 03:40:16 +0000",【モンスト】「うぉぉぉぉぉ」公式が突如発表した”アレ”に激大盛り上がりｷﾀ━━━━ヽ(ﾟ∀ﾟ )ﾉ━━━━!!!!,http://monst-news.net/302700/
2017-06-14T16:10:12+09:00,【速報】公式より突然の激アツ発表！リアル版「超・獣神祭」”十二支再競争”詳細解禁ｷﾀ━━━━ヽ(ﾟ∀ﾟ )ﾉ━━━━!!!!【モンスト】,http://matome-agent56.blog.jp/archives/1066295835.html
2017-06-14T15:20:10+09:00,【悲報】ﾏｯｸｽむらい氏、専門学校での講演会で「ﾓﾝｽﾄはそろそろ終わる」と語ったらしい・・・,http://matome-agent56.blog.jp/archives/1066267462.html
2017-06-14T14:10:12+09:00,【速報】公式より突然の発表！リアル版 超・獣神祭「十二支再競争」情報解禁ｷﾀ━━━━(ﾟ∀ﾟ)━━━━ｯ!!!【モンスト】,http://matome-agent56.blog.jp/archives/1066294047.html
2017-06-14T13:20:10+09:00,【難易度爆下げ】圧倒的超火力でボッコボコ！超絶「カイン」簡単になりすぎ問題発生ｷﾀ━━━━ヽ(ﾟ∀ﾟ )ﾉ━━━━!!!! 最新(6/14)攻略PTまとめ【モンスト】,http://matome-agent56.blog.jp/archives/1066295125.html
2017-06-14T12:20:11+09:00,【中毒性MAX！】「震えてきた...」禁断症状が出始めた、あなたにオススメの記事！【モンスト】,http://matome-agent56.blog.jp/archives/1066267795.html
2017-06-14T10:50:10+09:00,【激震】「お前ら俺を越えてみろ」たった10万程の課金でこの仕上がり具合SUGEEEEEEEEEE!!!!!?【モンスト】,http://matome-agent56.blog.jp/archives/1066211761.html
2017-06-14T09:20:09+09:00,【大歓喜！】「マジで！ちょっと！もう最高！」「まじ嬉しいｗｗｗｗ」喜びの声ｷﾀ━━━(ﾟ∀ﾟ)━━━ｯ!!! ガチャ『水の遊宴』結果報告まとめ【モンスト】,http://matome-agent56.blog.jp/archives/1066289735.html
2017-06-14T08:20:11+09:00,【遂に来たか！】「これで獣神化しなかったらビビる」特大フラグにユーザーの期待が大爆発ｷﾀ━━━━ヽ(ﾟ∀ﾟ )ﾉ━━━━!!!!【モンスト】,http://matome-agent56.blog.jp/archives/1066279557.html
2017-06-14T06:20:11+09:00,【エロ注意】獣神化テキーラに愛をぶち込んだ結果、刺激が強すぎるスクショ爆誕ｗｗｗｗｗ【モンスト】,http://matome-agent56.blog.jp/archives/1066279362.html
2017-06-14T04:00:10+09:00,【戦慄】しろ氏とナウ・ピロ氏の時給ｗｗｗｗｗｗｗｗｗ【モンスト】,http://matome-agent56.blog.jp/archives/1066279186.html
2017-06-14T16:10:10+09:00,【モンスト】爆絶『エルドラド』の難易度に賛否両論！ユーザーの反応ｷﾀ━━━━(ﾟ∀ﾟ)━━━━!!,http://monst-sokuhou.blog.jp/archives/1066297208.html
2017-06-14T15:10:08+09:00,【モンスト】絶対にコイツだな”BIGイベント”であのキャラの獣神化に全ユーザーが期待MAXｷﾀ━━━━(ﾟ∀ﾟ)━━━━!!,http://monst-sokuhou.blog.jp/archives/1066296531.html
2017-06-14T13:40:09+09:00,【モンスト】画像解析ｷﾀ━━━━(ﾟ∀ﾟ)━━━━!!”謎の新友情コンボ”追加確定うおおおおおおおお【画像あり】,http://monst-sokuhou.blog.jp/archives/1066295681.html
2017-06-14T12:30:07+09:00,【モンスト】「XFLAG PARK 2017」で”あのキャラ”の特別獣神化に期待MAXｷﾀ━━━━(ﾟ∀ﾟ)━━━━!!,http://monst-sokuhou.blog.jp/archives/1066294940.html
2017-06-14T12:20:05+09:00,【モンスト】俺達が本当に求めている”神コラボ”が遂に判明ｷﾀ━━━━(ﾟ∀ﾟ)━━━━!!,http://monst-sokuhou.blog.jp/archives/1066294796.html
2017-06-14T12:10:04+09:00,【モンスト】獣神化発表に熱い期待！”あのBIGイベント”で発表に期待MAXｷﾀ━━━━(ﾟ∀ﾟ)━━━━!!,http://monst-sokuhou.blog.jp/archives/1066294638.html
2017-06-14T12:00:03+09:00,【モンスト】『覇者の塔』33階は”あのキャラ”投入でクッソ楽に！ユーザーの反応ｷﾀ━━━━(ﾟ∀ﾟ)━━━━!!,http://monst-sokuhou.blog.jp/archives/1066294583.html
2017-06-14T07:30:06+09:00,【モンスト速報】「高火力」「ぶっ壊れ」獣神化『テキーラ』に過去最大級の高評価の声ｷﾀ━━━━(ﾟ∀ﾟ)━━━━!!,http://monst-sokuhou.blog.jp/archives/1066288217.html
2017-06-14T07:00:10+09:00,【モンスト】獣神化『ルシファー』の実装に期待MAX！ユーザーの反応ｷﾀ━━━━(ﾟ∀ﾟ)━━━━!!【画像あり】,http://monst-sokuhou.blog.jp/archives/1066288196.html
2017-06-14T06:00:08+09:00,【モンスト速報】運極必須の激・究極！『スフィンクス』安定周回ｷﾀ━━━━(ﾟ∀ﾟ)━━━━!!,http://monst-sokuhou.blog.jp/archives/1066288037.html
2017-06-14T16:10:10+09:00,【モンスト】爆絶『エルドラド』の難易度に賛否両論！ユーザーの反応ｷﾀ━━━━(ﾟ∀ﾟ)━━━━!!,http://monst-sokuhou.blog.jp/archives/1066297208.html
2017-06-14T15:10:08+09:00,【モンスト】絶対にコイツだな”BIGイベント”であのキャラの獣神化に全ユーザーが期待MAXｷﾀ━━━━(ﾟ∀ﾟ)━━━━!!,http://monst-sokuhou.blog.jp/archives/1066296531.html
2017-06-14T13:40:09+09:00,【モンスト】画像解析ｷﾀ━━━━(ﾟ∀ﾟ)━━━━!!”謎の新友情コンボ”追加確定うおおおおおおおお【画像あり】,http://monst-sokuhou.blog.jp/archives/1066295681.html
2017-06-14T12:30:07+09:00,【モンスト】「XFLAG PARK 2017」で”あのキャラ”の特別獣神化に期待MAXｷﾀ━━━━(ﾟ∀ﾟ)━━━━!!,http://monst-sokuhou.blog.jp/archives/1066294940.html
2017-06-14T12:20:05+09:00,【モンスト】俺達が本当に求めている”神コラボ”が遂に判明ｷﾀ━━━━(ﾟ∀ﾟ)━━━━!!,http://monst-sokuhou.blog.jp/archives/1066294796.html
2017-06-14T12:10:04+09:00,【モンスト】獣神化発表に熱い期待！”あのBIGイベント”で発表に期待MAXｷﾀ━━━━(ﾟ∀ﾟ)━━━━!!,http://monst-sokuhou.blog.jp/archives/1066294638.html
2017-06-14T12:00:03+09:00,【モンスト】『覇者の塔』33階は”あのキャラ”投入でクッソ楽に！ユーザーの反応ｷﾀ━━━━(ﾟ∀ﾟ)━━━━!!,http://monst-sokuhou.blog.jp/archives/1066294583.html
2017-06-14T07:30:06+09:00,【モンスト速報】「高火力」「ぶっ壊れ」獣神化『テキーラ』に過去最大級の高評価の声ｷﾀ━━━━(ﾟ∀ﾟ)━━━━!!,http://monst-sokuhou.blog.jp/archives/1066288217.html
2017-06-14T07:00:10+09:00,【モンスト】獣神化『ルシファー』の実装に期待MAX！ユーザーの反応ｷﾀ━━━━(ﾟ∀ﾟ)━━━━!!【画像あり】,http://monst-sokuhou.blog.jp/archives/1066288196.html
2017-06-14T06:00:08+09:00,【モンスト速報】運極必須の激・究極！『スフィンクス』安定周回ｷﾀ━━━━(ﾟ∀ﾟ)━━━━!!,http://monst-sokuhou.blog.jp/archives/1066288037.html
2017-06-14T14:50:00+09:00,【モンスト】リアル版超獣神祭に対する反応！この企業頭イカれてんなｗｗｗｗｗ,http://monsterstrikewiki2ch.blog.fc2.com/blog-entry-8547.html
2017-06-14T01:10:00+09:00,【モンスト】今度の超獣神祭は12支絡みで総額3億円当たる！？CMが話題ｗｗｗ何だこれｗｗｗｗｗ,http://monsterstrikewiki2ch.blog.fc2.com/blog-entry-8546.html
2017-06-13T23:00:00+09:00,【モンスト】公式発表の覇者の塔制覇率ｗｗｗｗｗ,http://monsterstrikewiki2ch.blog.fc2.com/blog-entry-8545.html
2017-06-13T20:10:00+09:00,某攻略サイトのモンスト攻略班募集要項がコチラｗｗｗｗｗユーザーの反応,http://monsterstrikewiki2ch.blog.fc2.com/blog-entry-8544.html
2017-06-13T14:10:00+09:00,最大限強くするのに同じガチャ限6体合成！？モンストのガチャはマジで優しい方だったのか…,http://monsterstrikewiki2ch.blog.fc2.com/blog-entry-8543.html
2017-06-12T23:00:00+09:00,【モンスト】拾えないわけが無いのに盾を取れなかったから運営に問い合わせた結果ｗｗｗ,http://monsterstrikewiki2ch.blog.fc2.com/blog-entry-8542.html
2017-06-12T18:50:00+09:00,【モンスト】31階に革命が起きたｗｗｗｗｗ獣神化テキーラ実装後のみんなの反応！,http://monsterstrikewiki2ch.blog.fc2.com/blog-entry-8541.html
2017-06-12T13:20:00+09:00,マックスむらい氏が講演会でモンストはそろそろ終わる的な事を語ったらしい,http://monsterstrikewiki2ch.blog.fc2.com/blog-entry-8540.html
2017-06-11T22:40:00+09:00,【モンスト】真価はボス戦以降！31階の目からウロコの攻略法！,http://monsterstrikewiki2ch.blog.fc2.com/blog-entry-8539.html
2017-06-11T20:40:00+09:00,【モンスト】みんな必死で集めた！いまだに現役の超優秀運枠たちがコチラ,http://monsterstrikewiki2ch.blog.fc2.com/blog-entry-8538.html
2017-06-11T14:20:00+09:00,【モンスト】エルドラドに進パンドラ使ったらラスゲ4手で終わったｗｗｗSSヤバイ670万,http://monsterstrikewiki2ch.blog.fc2.com/blog-entry-8537.html
2017-06-10T19:30:00+09:00,【モンスト】なんか変なキャラ出たけど次の超獣限定とか無いよね…？第11話開放の呪文！,http://monsterstrikewiki2ch.blog.fc2.com/blog-entry-8536.html
2017-06-10T18:30:00+09:00,【モンスト】これが現実ｗｗｗ属性限定天使の格差をご覧くださいｗｗｗｗｗ,http://monsterstrikewiki2ch.blog.fc2.com/blog-entry-8535.html
2017-06-10T11:40:00+09:00,【モンスト】テキーラとオーディンの攻撃力を比較した結果ｗｗｗｗｗ返ってきた素殴りゴリラ,http://monsterstrikewiki2ch.blog.fc2.com/blog-entry-8534.html
2017-06-09T18:10:00+09:00,【モンスト】レーザーぶっとすぎｗｗｗｗｗ獣神化テキーラ使ってみた動画公開！,http://monsterstrikewiki2ch.blog.fc2.com/blog-entry-8533.html
2017-06-09T16:40:00+09:00,【モンスト】ニライカナイの運枠は新時代へ！スコーピカが強すぎてヤバイｗｗｗｗｗ,http://monsterstrikewiki2ch.blog.fc2.com/blog-entry-8532.html
2017-06-09T15:10:00+09:00,【モンスト】今月のモン玉レベル3！みんなのガチャ結果ｗｗｗｗｗ,http://monsterstrikewiki2ch.blog.fc2.com/blog-entry-8531.html
2017-06-09T13:00:00+09:00,【モンスト】エティカ2を神威で内部弱点ワンパンできるなら40階でもできんじゃね？→結果ｗｗｗｗｗ,http://monsterstrikewiki2ch.blog.fc2.com/blog-entry-8530.html
2017-06-08T23:00:00+09:00,【モンスト】テキーラ獣神化に対する反応！テキーラと蓬莱でアルカディア攻略の新時代に！？,http://monsterstrikewiki2ch.blog.fc2.com/blog-entry-8529.html
2017-06-08T16:40:00+09:00,【モンスト】テキーラ獣神化！新イベント！新超絶！今週のモンストニュースまとめ,http://monsterstrikewiki2ch.blog.fc2.com/blog-entry-8528.html
2017-06-14T15:19:50+09:00,【モンスト】マンネリ化した覇者の塔にはコレ！！ストーリー実装を希望するユーザー登場きたああああｗｗｗｗ,http://blog.livedoor.jp/monstsoku/archives/71012573.html
2017-06-14T14:19:38+09:00,【モンスト】大本命はアレだった！？ガチャ「激獣神祭」を回避しているユーザー多発中…！？,http://blog.livedoor.jp/monstsoku/archives/71012457.html
2017-06-14T13:19:48+09:00,【モンスト】話題になってないけどマジで壊れてる！！こいつがパッとしないのはライバルに強キャラが多いだけ！！,http://blog.livedoor.jp/monstsoku/archives/71009049.html
2017-06-14T12:19:53+09:00,【モンスト】一点狙いは400連で10万円以上かかったから…属性ガチャの闇がとんでも無い事にｗｗｗｗ,http://blog.livedoor.jp/monstsoku/archives/71008843.html
2017-06-14T11:19:56+09:00,【モンスト】なんだかんだ出番あるからな！！クソコラボと言われ続けたあのコラボキャラも地味に活躍しているぞ！！,http://blog.livedoor.jp/monstsoku/archives/71008977.html
2017-06-14T10:19:54+09:00,【モンスト】モンストがマシに見える…めんどくさすぎ…他ゲーのガチャはこんなにひどい事にｗｗｗ,http://blog.livedoor.jp/monstsoku/archives/71008807.html
2017-06-14T09:19:53+09:00,【モンスト】どっからガチャ引く金出てるんだ？？人気YouTuberの課金事情はどうなっている！？,http://blog.livedoor.jp/monstsoku/archives/71008734.html
2017-06-14T08:19:52+09:00,【モンスト】クッソワロタｗｗ予想外すぎるキャラに英雄の書をつけるユーザー登場wｗｗ,http://blog.livedoor.jp/monstsoku/archives/71008630.html
2017-06-14T07:19:49+09:00,【モンスト】友情が貧弱すぎる！！獣神化テキーラにノンノ、マーリン以下の評価きたあああ！！！,http://blog.livedoor.jp/monstsoku/archives/71004479.html
2017-06-14T00:19:35+09:00,【モンスト】表記する必要ないなｗｗ他ゲーと比べてモンストのガチャ排出率は良い…！？,http://blog.livedoor.jp/monstsoku/archives/71003620.html
"Wed, 14 Jun 2017 06:49:40 +0000",【モンスト】「久し振りに笑ったわ！！」告知の告知には笑うしかない模様ｗｗｗｗｗｗｗｗｗ,http://monst24.jp/62815/
"Wed, 14 Jun 2017 06:29:30 +0000",【モンスト】「コレってもう辞めるべきじゃね？」あのガチャは存在自体が闇すぎる？？ｗｗｗｗｗｗｗｗ,http://monst24.jp/62812/
"Wed, 14 Jun 2017 06:09:48 +0000",【モンスト】「2年もやってる俺にアラジンがこないんや！」そんな人の為にあのガチャが必要？？ｗｗｗｗｗｗｗｗ,http://monst24.jp/62810/
"Wed, 14 Jun 2017 05:49:13 +0000",【モンスト】「地味に勝てないの辛いわ！！」アカシャは実際こうなのかも？？ｗｗｗｗｗｗｗ,http://monst24.jp/62808/
"Wed, 14 Jun 2017 05:29:11 +0000",【モンスト】「このコラボ本当にあるのかな！？」かなり期待を寄せてしまうユーザーもｗｗｗｗｗｗｗｗ,http://monst24.jp/62806/
"Wed, 14 Jun 2017 05:09:25 +0000",【モンスト】「ユミル51体集めるとか絶対無理だろ！？」実際コレは可能なのか？？ｗｗｗｗｗｗｗ,http://monst24.jp/62804/
"Wed, 14 Jun 2017 04:49:14 +0000",【モンスト】「明るい未来が約束されたな！！」テキーラのおかげでトニー緑川獣神化はこうなる？？ｗｗｗｗｗｗｗ,http://monst24.jp/62802/
"Wed, 14 Jun 2017 04:29:14 +0000",【モンスト】獣神化ルシファーの友情はやっぱりコレでほぼ決まり？？「トランザムかよｗｗｗｗｗｗｗｗｗ」,http://monst24.jp/62800/
"Wed, 14 Jun 2017 03:09:45 +0000",【モンスト】「茨城メチャクチャ欲しいわ！！」実際コイツには獣神化フラグが？？ｗｗｗｗｗｗｗｗ,http://monst24.jp/62798/
"Wed, 14 Jun 2017 02:49:54 +0000",【モンスト】「上手かったら周回できるの？」エティカ運極は実際プロスト以外無理なのかもｗｗｗｗｗｗｗｗｗ,http://monst24.jp/62796/
"Wed, 14 Jun 2017 03:02:40 +0000",【モンスト】クシナダのドロップ率極端に悪く思うんだが気のせいか?,http://www.mstsoku.com/archives/%e3%80%90%e3%83%a2%e3%83%b3%e3%82%b9%e3%83%88%e3%80%91%e3%82%af%e3%82%b7%e3%83%8a%e3%83%80%e3%81%ae%e3%83%89%e3%83%ad%e3%83%83%e3%83%97%e7%8e%87%e6%a5%b5%e7%ab%af%e3%81%ab%e6%82%aa%e3%81%8f%e6%80%9d.html
"Tue, 13 Jun 2017 15:02:30 +0000",【モンスト】闇時とかでテキーラは････うーん,http://www.mstsoku.com/archives/%e3%80%90%e3%83%a2%e3%83%b3%e3%82%b9%e3%83%88%e3%80%91%e9%97%87%e6%99%82%e3%81%a8%e3%81%8b%e3%81%a7%e3%83%86%e3%82%ad%e3%83%bc%e3%83%a9%e3%81%af%ef%bd%a5%ef%bd%a5%ef%bd%a5%ef%bd%a5%e3%81%86%e3%83%bc.html
"Tue, 13 Jun 2017 10:02:35 +0000",【モンスト】みんな37階ってどうやってクリアしてるんだ・・・？,http://www.mstsoku.com/archives/%e3%80%90%e3%83%a2%e3%83%b3%e3%82%b9%e3%83%88%e3%80%91%e3%81%bf%e3%82%93%e3%81%aa37%e9%9a%8e%e3%81%a3%e3%81%a6%e3%81%a9%e3%81%86%e3%82%84%e3%81%a3%e3%81%a6%e3%82%af%e3%83%aa%e3%82%a2%e3%81%97%e3%81%a6.html
"Tue, 13 Jun 2017 08:02:14 +0000",【モンスト】32階ってADWって必要？いらない？,http://www.mstsoku.com/archives/%e3%80%90%e3%83%a2%e3%83%b3%e3%82%b9%e3%83%88%e3%80%9132%e9%9a%8e%e3%81%a3%e3%81%a6adw%e3%81%a3%e3%81%a6%e5%bf%85%e8%a6%81%ef%bc%9f%e3%81%84%e3%82%89%e3%81%aa%e3%81%84%ef%bc%9f.html
"Tue, 13 Jun 2017 03:02:44 +0000",【モンスト】属性ガチャは期待してはいけない･･･いけないんだ,http://www.mstsoku.com/archives/%e3%80%90%e3%83%a2%e3%83%b3%e3%82%b9%e3%83%88%e3%80%91%e5%b1%9e%e6%80%a7%e3%82%ac%e3%83%81%e3%83%a3%e3%81%af%e6%9c%9f%e5%be%85%e3%81%97%e3%81%a6%e3%81%af%e3%81%84%e3%81%91%e3%81%aa%e3%81%84%ef%bd%a5.html
"Tue, 13 Jun 2017 03:02:23 +0000",【モンスト】37階までこれたがこれ無理だわ･･･,http://www.mstsoku.com/archives/%e3%80%90%e3%83%a2%e3%83%b3%e3%82%b9%e3%83%88%e3%80%9137%e9%9a%8e%e3%81%be%e3%81%a7%e3%81%93%e3%82%8c%e3%81%9f%e3%81%8c%e3%81%93%e3%82%8c%e7%84%a1%e7%90%86%e3%81%a0%e3%82%8f%ef%bd%a5%ef%bd%a5%ef%bd%a5.html
"Tue, 13 Jun 2017 01:15:14 +0000",【モンスト】本日12時(正午)からガチャ「水の遊宴」開催！,http://www.mstsoku.com/archives/%e3%80%90%e3%83%a2%e3%83%b3%e3%82%b9%e3%83%88%e3%80%91%e6%9c%ac%e6%97%a512%e6%99%82%e6%ad%a3%e5%8d%88%e3%81%8b%e3%82%89%e3%82%ac%e3%83%81%e3%83%a3%e3%80%8c%e6%b0%b4%e3%81%ae%e9%81%8a%e5%ae%b4.html
"Mon, 12 Jun 2017 15:02:45 +0000",【モンスト】みんなの覇者の鬼門っどこなんだ？,http://www.mstsoku.com/archives/%e3%80%90%e3%83%a2%e3%83%b3%e3%82%b9%e3%83%88%e3%80%91%e3%81%bf%e3%82%93%e3%81%aa%e3%81%ae%e8%a6%87%e8%80%85%e3%81%ae%e9%ac%bc%e9%96%80%e3%81%a3%e3%81%a9%e3%81%93%e3%81%aa%e3%82%93%e3%81%a0%ef%bc%9f.html
"Mon, 12 Jun 2017 10:02:49 +0000",【モンスト】エルドラドさんストレスマッハなんじゃが！,http://www.mstsoku.com/archives/%e3%80%90%e3%83%a2%e3%83%b3%e3%82%b9%e3%83%88%e3%80%91%e3%82%a8%e3%83%ab%e3%83%89%e3%83%a9%e3%83%89%e3%81%95%e3%82%93%e3%82%b9%e3%83%88%e3%83%ac%e3%82%b9%e3%83%9e%e3%83%83%e3%83%8f%e3%81%aa%e3%82%93.html
"Mon, 12 Jun 2017 08:02:43 +0000",【モンスト】聖域ってリセットされるんじゃろうか・・・？　,http://www.mstsoku.com/archives/%e3%80%90%e3%83%a2%e3%83%b3%e3%82%b9%e3%83%88%e3%80%91%e8%81%96%e5%9f%9f%e3%81%a3%e3%81%a6%e3%83%aa%e3%82%bb%e3%83%83%e3%83%88%e3%81%95%e3%82%8c%e3%82%8b%e3%82%93%e3%81%98%e3%82%83%e3%82%8d%e3%81%86.html
2017-04-24T21:13:25+09:00,【モンスト】明日12時（正午）～ガチャ「モンストコレクション」！グィネヴィア、アラジン、螢光院ヒカリ等の人気16体の出現確率超UP＆ラック5排出！,http://www.mnst-matome.com/archives/1065675794.html
2017-04-24T19:51:52+09:00,【モンスト】Ver.9.0アップデートのメンテナンスを、今夜AM0:00～AM5:00頃の間で実施！,http://www.mnst-matome.com/archives/1065674717.html
2017-04-24T16:47:02+09:00,【モンスト】アニメ「幽☆遊☆白書」と「モンスト」とのコラボイベント第2弾が期間限定で開催決定！,http://www.mnst-matome.com/archives/1065672467.html
2017-04-24T14:38:23+09:00,【モンスト】5/3（水）19:00～モンストアニメGWスペシャル「センリツのルシファー ただひとつの始まりの歌」を配信！,http://www.mnst-matome.com/archives/1065670926.html
2017-04-23T22:25:09+09:00,【モンスト】明日12時（正午）～ガチャ「討爆伝」開催！「レンブラント」「宮本武蔵」「機光院チヨ」の3体は出現確率が更にUP！,http://www.mnst-matome.com/archives/1065661197.html
2017-04-22T19:24:12+09:00,【モンスト】「螢光院ヒカリ」の『獣神化』を使ってみた動画がｷﾀ━━━━(ﾟ∀ﾟ)━━━━!!!!,http://www.mnst-matome.com/archives/1065643830.html
2017-04-22T19:21:03+09:00,【モンスト】反射キャラで最速のスピード！？「星光の機巧闘姫 ヒカリ」のステータス詳細が公開！,http://www.mnst-matome.com/archives/1065643810.html
2017-04-22T17:05:26+09:00,【モンスト】モンストの単独オーケストラコンサートを4/27に開催！当日演奏される楽曲リストに超絶「カイン」のBGMを追加！,http://www.mnst-matome.com/archives/1065642219.html
2017-04-22T15:36:44+09:00,【モンスト】モンストアニメ最新話 本日19時配信！第4話「焼き鳥・男気・冒険王」は、本日4/22 19時配信スタート！,http://www.mnst-matome.com/archives/1065641247.html
2017-04-22T10:34:22+09:00,【モンスト】ワルプルギスvsスクルド強いのはまさかのこっち！？,http://www.mnst-matome.com/archives/1065637110.html
