"Wed, 14 Jun 2017 16:31:03 +0000",【モンスト】出現で勝ち組！「これ以外はゴミ」特Lで出れば『大当たり』なわくわくの実が判明ｷﾀ━━(ﾟ∀ﾟ)━━!!,http://monst-japan.com/kouryaku/wakuwaku/post-99391/?20170614160915
"Wed, 14 Jun 2017 15:09:15 +0000",【モンスト】※ワロタ※特設サイトにてガチ暴言！衝撃のコメントに話題沸騰ｗｗｗｗｗ,http://monst-japan.com/official/event/juunisisaikyousou/post-99438/?20170614150915
"Wed, 14 Jun 2017 14:09:15 +0000",【モンスト】「絶対強いわ」「未来は明るい」『砲撃型』＆『ツインバーティカルレーザー』でぶっ壊れｸﾙ━━(ﾟ∀ﾟ)━━!?,http://monst-japan.com/kouryaku/jusin/post-99413/?20170614140915
"Wed, 14 Jun 2017 13:09:15 +0000",【モンスト】※別次元※「もう変態やな」エクステでとんでもない『プロスト』を発見ｽｹﾞｴ━━(ﾟ∀ﾟ)━━!!,http://monst-japan.com/kouryaku/unkyoku/post-99398/?20170614130915
"Wed, 14 Jun 2017 12:09:15 +0000",【モンスト】「難易度がグッと下がる」「冗談抜き」ドンピシャキャラの登場で【難易度10】が崩落ｗｗｗｗｗ,http://monst-japan.com/quest/kourin-quest/tyouzetu/izanagizero/post-99402/?20170614120915
"Wed, 14 Jun 2017 11:09:15 +0000",【モンスト】※衝撃※「ガチやんけ」新企画『十二支再競争』にまさかの”新事実”発覚ｗｗｗｗｗ,http://monst-japan.com/official/event/juunisisaikyousou/post-99423/?20170614110915
"Wed, 14 Jun 2017 10:39:15 +0000",【モンスト】「使用率が飛び抜けてる」評価ウリエル越え！？高スペックで大量適正ヤベエｗｗｗｗｗｗ,http://monst-japan.com/hyouka-tukaimiti/post-99449/?20170614103915
"Wed, 14 Jun 2017 10:09:15 +0000",【モンスト】※悲報※「格が違う」追憶の書庫で”あのクエ”を50周した結果ｗｗｗｗｗｗ,http://monst-japan.com/kouryaku/tuiokunoshoko/post-99426/?20170614100915
"Wed, 14 Jun 2017 09:09:15 +0000",【モンスト】※名推理※特大サプライズの予感！「気がついた」今週の『モンストニュース』が金曜日になった理由ｗｗｗｗｗ,http://monst-japan.com/monstnews2/post-99418/?20170614090915
"Wed, 14 Jun 2017 08:39:15 +0000",【モンスト】※報告多数※期間限定『特別クエスト』にある疑惑が！「あからさま」だとクレーム殺到ｳｷﾞｬ━━(ﾟ∀ﾟ)━━!!,http://monst-japan.com/kouryaku/jusin/jusinryu/post-99396/?20170614083915
"Wed, 14 Jun 2017 16:00:14 +0000",【モンスト】このあと沖田総司が1時から登場！ 攻略・周回PT＆ワンパン・攻略動画！,http://monst-news.net/302946/
"Wed, 14 Jun 2017 15:40:14 +0000",【モンスト】※悲報※18日からの新ガチャ大ピンチうわぁぁぁ！あの新キャラがまさかの・・・・・・・,http://monst-news.net/302914/
"Wed, 14 Jun 2017 15:30:16 +0000",【モンスト】※ドン引き※「っはー、すげぇわ」●●所持で真のプロストになれる模様ｗｗｗｗｗｗ,http://monst-news.net/302929/
"Wed, 14 Jun 2017 15:00:14 +0000",【モンスト】このあとスフィンクスが0時から登場！適正キャラ＆ギミック・攻略パーティまとめ！,http://monst-news.net/302943/
"Wed, 14 Jun 2017 14:50:17 +0000",【モンストアニメ】※衝撃※激かわ天使登場ｷﾀ━━━(ﾟ∀ﾟ )━━━!!!!あの人気キャラも…『モンソニ』第1話まとめ！！【ダルタニャンのアイドル宣言】,http://monst-news.net/303081/
"Wed, 14 Jun 2017 14:40:16 +0000",【モンスト】ダントツの最下位予想ワロタ！あの超激アツイベント解禁直後の反応ｗｗｗｗｗｗｗ,http://monst-news.net/303028/
"Wed, 14 Jun 2017 14:30:14 +0000",【モンスト】このあとハートの女王が0時から登場！ 適正・攻略パーティまとめ！,http://monst-news.net/302939/
"Wed, 14 Jun 2017 14:00:14 +0000",【モンスト】このあとエメラルドドラゴンが23時から登場！ 攻略PT＆ノーコン動画,http://monst-news.net/302685/
"Wed, 14 Jun 2017 13:40:14 +0000",【モンスト】リアル超獣『十二支再競争』謎のダークホースにユーザー混乱！←衝撃の展開ｷﾀ━━(ﾟ∀ﾟ )━━!!!!,http://monst-news.net/303043/
"Wed, 14 Jun 2017 12:40:14 +0000",【モンスト】※大波乱※「活躍できない」「めっちゃ削れる」テキーラの”アレ”に賛否両論ｷﾀ━━━━ヽ(ﾟ∀ﾟ )ﾉ━━━━!!!!,http://monst-news.net/302365/
2017-06-15T10:50:10+09:00,【黒歴史】なかなかのカオスっぷりだった〇周年記念イベントｗｗｗｗｗｗｗｗ【モンスト】,http://matome-agent56.blog.jp/archives/1066294167.html
2017-06-15T09:10:11+09:00,【獣神化も期待！】普段全く使わない”アイツら”が輝く良ステージｷﾀ━━━━ヽ(ﾟ∀ﾟ )ﾉ━━━━!!!!【モンスト】,http://matome-agent56.blog.jp/archives/1066278944.html
2017-06-15T08:10:04+09:00,【震えて待て】「とんでもない事になる」運営の発表次第で大炎上不可避！一体”これ”どうなってしまうの？【モンスト】,http://matome-agent56.blog.jp/archives/1066293765.html
2017-06-15T06:10:10+09:00,【マジかよ】高ステータスにAGB+ダブルキラー！さらに爆発ホーミング友情まで搭載された可愛すぎる獣神化キャラ！【モンスト】,http://matome-agent56.blog.jp/archives/1066268805.html
2017-06-15T04:10:04+09:00,【超有能！】「同じSSでもかなり倍率違う」最強の中の最強ｷﾀ━━━━(ﾟ∀ﾟ)━━━━ｯ!!!【モンスト】,http://matome-agent56.blog.jp/archives/1066268761.html
2017-06-15T01:20:10+09:00,【アカン】運営「仕様です」とある謎現象について問い合わせたら衝撃の回答きたｗｗｗｗｗ【モンスト】,http://matome-agent56.blog.jp/archives/1066267386.html
2017-06-15T00:10:11+09:00,【朗報】安定しない、負けまくる。みんな助けて！ ⇒ 怒涛のアドバイスラッシュｷﾀ━━━━ヽ(ﾟ∀ﾟ )ﾉ━━━━!!!!【モンスト】,http://matome-agent56.blog.jp/archives/1066293815.html
2017-06-14T23:30:11+09:00,【激アツ展開】シリーズ最後の敵は、ユーザーを裏切った咎人。【モンスト】,http://matome-agent56.blog.jp/archives/1066268715.html
2017-06-14T22:30:10+09:00,【お祭り騒ぎ】運営からの”ビッグサプライズ発表”にユーザー大盛り上がり(?)ｷﾀ━━━━ヽ(ﾟ∀ﾟ )ﾉ━━━━!!!!【モンスト】,http://matome-agent56.blog.jp/archives/1066294500.html
2017-06-14T21:20:12+09:00,【マジ注意】直後に超注目キャラ実装濃厚！今回の激・獣神祭は”完全なる罠”である可能性が浮上！！！【モンスト】,http://matome-agent56.blog.jp/archives/1066294322.html
2017-06-15T01:00:06+09:00,【モンスト】『新限定or新爆絶』で実装濃厚！ユーザー期待MAXｷﾀ━━━━(ﾟ∀ﾟ)━━━━!!,http://monst-sokuhou.blog.jp/archives/1066300089.html
2017-06-15T00:40:08+09:00,【モンスト】『超・獣神祭』新限定キャラの追加がぶっ壊れか！クッソ濃厚ｷﾀ━━━━(ﾟ∀ﾟ)━━━━!!,http://monst-sokuhou.blog.jp/archives/1066301319.html
2017-06-15T00:30:02+09:00,【モンスト】絶対に来そう！獣神化追加がクッソ濃厚！ユーザーの反応ｷﾀ━━━━(ﾟ∀ﾟ)━━━━!!,http://monst-sokuhou.blog.jp/archives/1066301177.html
2017-06-15T00:10:05+09:00,【モンスト速報】獣神化フラグｷﾀ━━━━(ﾟ∀ﾟ)━━━━!!→”あのアニメ”で発表うぎゃああああああああ！！,http://monst-sokuhou.blog.jp/archives/1066301104.html
2017-06-15T00:00:02+09:00,【モンスト】「覚えておけ」次回『爆絶＆超絶』に”あのキャラ”登場ｸﾙ━━━━(ﾟ∀ﾟ)━━━━!?みんなの反応！,http://monst-sokuhou.blog.jp/archives/1066300185.html
2017-06-14T23:30:08+09:00,【モンスト速報】激熱イベント『十二支再競争』開催決定！→ユーザーの反応ｷﾀ━━━━(ﾟ∀ﾟ)━━━━!!,http://monst-sokuhou.blog.jp/archives/1066301727.html
2017-06-14T23:00:05+09:00,【モンスト速報】盛大な『獣神化フラグ』ｷﾀ━━━━(ﾟ∀ﾟ)━━━━!!→ユーザーの推理が凄すぎる模様ｗｗｗｗｗｗｗ,http://monst-sokuhou.blog.jp/archives/1066299949.html
2017-06-14T22:40:03+09:00,【モンスト】最強かよ！超絶クエを亀クエに！”最強キャラ”判明ｷﾀ━━━━(ﾟ∀ﾟ)━━━━!!,http://monst-sokuhou.blog.jp/archives/1066299315.html
2017-06-14T22:20:05+09:00,【モンスト悲報】獣神化『ウリエル』が倉庫番とまさかの酷評！→ユーザーの反応ｷﾞﾀﾞ━━━━(ﾟ∀ﾟ)━━━━!!,http://monst-sokuhou.blog.jp/archives/1066299854.html
2017-06-14T22:00:06+09:00,【モンスト悲報】今、一番引いてはいけない『ガチャイベント』が遂に判明ｷﾀ━━━━(ﾟ∀ﾟ)━━━━!!,http://monst-sokuhou.blog.jp/archives/1066299809.html
2017-06-15T01:00:06+09:00,【モンスト】『新限定or新爆絶』で実装濃厚！ユーザー期待MAXｷﾀ━━━━(ﾟ∀ﾟ)━━━━!!,http://monst-sokuhou.blog.jp/archives/1066300089.html
2017-06-15T00:40:08+09:00,【モンスト】『超・獣神祭』新限定キャラの追加がぶっ壊れか！クッソ濃厚ｷﾀ━━━━(ﾟ∀ﾟ)━━━━!!,http://monst-sokuhou.blog.jp/archives/1066301319.html
2017-06-15T00:30:02+09:00,【モンスト】絶対に来そう！獣神化追加がクッソ濃厚！ユーザーの反応ｷﾀ━━━━(ﾟ∀ﾟ)━━━━!!,http://monst-sokuhou.blog.jp/archives/1066301177.html
2017-06-15T00:10:05+09:00,【モンスト速報】獣神化フラグｷﾀ━━━━(ﾟ∀ﾟ)━━━━!!→”あのアニメ”で発表うぎゃああああああああ！！,http://monst-sokuhou.blog.jp/archives/1066301104.html
2017-06-15T00:00:02+09:00,【モンスト】「覚えておけ」次回『爆絶＆超絶』に”あのキャラ”登場ｸﾙ━━━━(ﾟ∀ﾟ)━━━━!?みんなの反応！,http://monst-sokuhou.blog.jp/archives/1066300185.html
2017-06-14T23:30:08+09:00,【モンスト速報】激熱イベント『十二支再競争』開催決定！→ユーザーの反応ｷﾀ━━━━(ﾟ∀ﾟ)━━━━!!,http://monst-sokuhou.blog.jp/archives/1066301727.html
2017-06-14T23:00:05+09:00,【モンスト速報】盛大な『獣神化フラグ』ｷﾀ━━━━(ﾟ∀ﾟ)━━━━!!→ユーザーの推理が凄すぎる模様ｗｗｗｗｗｗｗ,http://monst-sokuhou.blog.jp/archives/1066299949.html
2017-06-14T22:40:03+09:00,【モンスト】最強かよ！超絶クエを亀クエに！”最強キャラ”判明ｷﾀ━━━━(ﾟ∀ﾟ)━━━━!!,http://monst-sokuhou.blog.jp/archives/1066299315.html
2017-06-14T22:20:05+09:00,【モンスト悲報】獣神化『ウリエル』が倉庫番とまさかの酷評！→ユーザーの反応ｷﾞﾀﾞ━━━━(ﾟ∀ﾟ)━━━━!!,http://monst-sokuhou.blog.jp/archives/1066299854.html
2017-06-14T22:00:06+09:00,【モンスト悲報】今、一番引いてはいけない『ガチャイベント』が遂に判明ｷﾀ━━━━(ﾟ∀ﾟ)━━━━!!,http://monst-sokuhou.blog.jp/archives/1066299809.html
2017-06-14T21:10:00+09:00,【モンスト】ダルタニャンに出雲、ウリエル、ミカエル、ガブ、ラファみんな可愛い！モンソニ第1話反応,http://monsterstrikewiki2ch.blog.fc2.com/blog-entry-8549.html
2017-06-14T18:50:00+09:00,【モンスト】パンドラや蓬莱などのイラストの秘密判明！公式より動画公開,http://monsterstrikewiki2ch.blog.fc2.com/blog-entry-8548.html
2017-06-14T14:50:00+09:00,【モンスト】リアル版超獣神祭に対する反応！この企業頭イカれてんなｗｗｗｗｗ,http://monsterstrikewiki2ch.blog.fc2.com/blog-entry-8547.html
2017-06-14T01:10:00+09:00,【モンスト】今度の超獣神祭は12支絡みで総額3億円当たる！？CMが話題ｗｗｗ何だこれｗｗｗｗｗ,http://monsterstrikewiki2ch.blog.fc2.com/blog-entry-8546.html
2017-06-13T23:00:00+09:00,【モンスト】公式発表の覇者の塔制覇率ｗｗｗｗｗ,http://monsterstrikewiki2ch.blog.fc2.com/blog-entry-8545.html
2017-06-13T20:10:00+09:00,某攻略サイトのモンスト攻略班募集要項がコチラｗｗｗｗｗユーザーの反応,http://monsterstrikewiki2ch.blog.fc2.com/blog-entry-8544.html
2017-06-13T14:10:00+09:00,最大限強くするのに同じガチャ限6体合成！？モンストのガチャはマジで優しい方だったのか…,http://monsterstrikewiki2ch.blog.fc2.com/blog-entry-8543.html
2017-06-12T23:00:00+09:00,【モンスト】拾えないわけが無いのに盾を取れなかったから運営に問い合わせた結果ｗｗｗ,http://monsterstrikewiki2ch.blog.fc2.com/blog-entry-8542.html
2017-06-12T18:50:00+09:00,【モンスト】31階に革命が起きたｗｗｗｗｗ獣神化テキーラ実装後のみんなの反応！,http://monsterstrikewiki2ch.blog.fc2.com/blog-entry-8541.html
2017-06-12T13:20:00+09:00,マックスむらい氏が講演会でモンストはそろそろ終わる的な事を語ったらしい,http://monsterstrikewiki2ch.blog.fc2.com/blog-entry-8540.html
2017-06-11T22:40:00+09:00,【モンスト】真価はボス戦以降！31階の目からウロコの攻略法！,http://monsterstrikewiki2ch.blog.fc2.com/blog-entry-8539.html
2017-06-11T20:40:00+09:00,【モンスト】みんな必死で集めた！いまだに現役の超優秀運枠たちがコチラ,http://monsterstrikewiki2ch.blog.fc2.com/blog-entry-8538.html
2017-06-11T14:20:00+09:00,【モンスト】エルドラドに進パンドラ使ったらラスゲ4手で終わったｗｗｗSSヤバイ670万,http://monsterstrikewiki2ch.blog.fc2.com/blog-entry-8537.html
2017-06-10T19:30:00+09:00,【モンスト】なんか変なキャラ出たけど次の超獣限定とか無いよね…？第11話開放の呪文！,http://monsterstrikewiki2ch.blog.fc2.com/blog-entry-8536.html
2017-06-10T18:30:00+09:00,【モンスト】これが現実ｗｗｗ属性限定天使の格差をご覧くださいｗｗｗｗｗ,http://monsterstrikewiki2ch.blog.fc2.com/blog-entry-8535.html
2017-06-10T11:40:00+09:00,【モンスト】テキーラとオーディンの攻撃力を比較した結果ｗｗｗｗｗ返ってきた素殴りゴリラ,http://monsterstrikewiki2ch.blog.fc2.com/blog-entry-8534.html
2017-06-09T18:10:00+09:00,【モンスト】レーザーぶっとすぎｗｗｗｗｗ獣神化テキーラ使ってみた動画公開！,http://monsterstrikewiki2ch.blog.fc2.com/blog-entry-8533.html
2017-06-09T16:40:00+09:00,【モンスト】ニライカナイの運枠は新時代へ！スコーピカが強すぎてヤバイｗｗｗｗｗ,http://monsterstrikewiki2ch.blog.fc2.com/blog-entry-8532.html
2017-06-09T15:10:00+09:00,【モンスト】今月のモン玉レベル3！みんなのガチャ結果ｗｗｗｗｗ,http://monsterstrikewiki2ch.blog.fc2.com/blog-entry-8531.html
2017-06-09T13:00:00+09:00,【モンスト】エティカ2を神威で内部弱点ワンパンできるなら40階でもできんじゃね？→結果ｗｗｗｗｗ,http://monsterstrikewiki2ch.blog.fc2.com/blog-entry-8530.html
2017-06-15T00:19:59+09:00,【モンスト】これならポチりそうになる！！アカウントを高く売るコツ公開きたあああｗｗｗｗ,http://blog.livedoor.jp/monstsoku/archives/71020709.html
2017-06-14T23:19:45+09:00,【モンスト】モンストにクソはまってた同僚がログインプレイになっていた…原因はアレだったらしい…,http://blog.livedoor.jp/monstsoku/archives/71020649.html
2017-06-14T22:19:47+09:00,【モンスト】多数の期待の声があがっているものの…今週のモンストニュースは獣神化発表はなしはほぼ確定か…！？,http://blog.livedoor.jp/monstsoku/archives/71017646.html
2017-06-14T21:19:54+09:00,【モンスト】こいつらが獣神化しなかったらモンストの終わり！！あいつらの処遇を巡って賛否両論きたああああｗｗｗｗ,http://blog.livedoor.jp/monstsoku/archives/71018014.html
2017-06-14T20:19:44+09:00,【モンスト】歴代最悪の阿鼻叫喚だったぞ…一番荒れに荒れたクエストはあいつだったな…,http://blog.livedoor.jp/monstsoku/archives/71012772.html
2017-06-14T19:19:40+09:00,【モンスト】あれ結構ヤバかったぞ！！ついにウインド必須のクエスト登場はもう目前に…！？,http://blog.livedoor.jp/monstsoku/archives/71012633.html
2017-06-14T18:29:49+09:00,【モンスト】※公式※突然の発表きたああｗｗ総額3億円リアル版超・獣神祭「十二支再競争」開催きたああああｗｗｗｗ,http://blog.livedoor.jp/monstsoku/archives/71021432.html
2017-06-14T18:19:54+09:00,【モンスト】アルカディア想定でつける！？獣神化テキーラにオススメの実はコレだ！！！,http://blog.livedoor.jp/monstsoku/archives/71012688.html
2017-06-14T17:19:37+09:00,【モンスト】リセット！？新神獣実装！？新クエスト追加！？神獣の聖域を巡って様々な予想きたあああああ！！！,http://blog.livedoor.jp/monstsoku/archives/71012378.html
2017-06-14T16:19:50+09:00,【モンスト】水ADW争いきたあああｗｗｗアテナvsラファエル論争勃発きたあああｗｗｗ,http://blog.livedoor.jp/monstsoku/archives/71009109.html
"Wed, 14 Jun 2017 15:09:23 +0000",【モンスト】超絶も爆絶も1年経った場合”書庫入り”させるべき？？「ぶっちゃけイザナミとか誰が回るんだよｗｗｗｗｗｗｗ」,http://monst24.jp/62860/
"Wed, 14 Jun 2017 14:49:16 +0000",【モンスト】「テキーラなくても充分なような？？」結局イザナミはコイツ等でも余裕という事実ｗｗｗｗｗｗ,http://monst24.jp/62858/
"Wed, 14 Jun 2017 14:29:01 +0000",【モンスト】「良さプレゼンしてくれ…」このキャラは一体どこで活躍するのか？？ｗｗｗｗｗｗｗ,http://monst24.jp/62856/
"Wed, 14 Jun 2017 14:09:33 +0000",【モンスト】「もはや悲しいほどに弱いな…」ナポレオンは最早昭和の時代の存在？？ｗｗｗｗｗｗｗ,http://monst24.jp/62854/
"Wed, 14 Jun 2017 13:49:14 +0000",【モンスト】「別格の思い入れがあるなぁ」イザナミクシナダは他超絶と明らかな違いが？？ｗｗｗｗｗｗｗ,http://monst24.jp/62852/
"Wed, 14 Jun 2017 13:09:03 +0000",【モンスト】「運極じゃ無い人結構居るんだな！」イザナミは未だ回られ続ける超絶かもｗｗｗｗｗｗｗｗ,http://monst24.jp/62850/
"Wed, 14 Jun 2017 12:49:39 +0000",【モンスト】「アルカディアを貫通で当たりに行くだけのゲームやん…」ユミルは結局こうなるのかもｗｗｗｗｗｗｗ,http://monst24.jp/62848/
"Wed, 14 Jun 2017 12:29:06 +0000",【モンスト】「水AGB の層の薄さ」←コレに驚きを隠せないユーザーが多数ｗｗｗｗｗｗｗｗ,http://monst24.jp/62846/
"Wed, 14 Jun 2017 12:09:57 +0000",【モンスト】ニルヴァーナは”正解の立ち回り”が結局分からない？？「挟まれなかったら負けだわｗｗｗｗｗｗｗ」,http://monst24.jp/62844/
"Wed, 14 Jun 2017 11:49:00 +0000",【モンスト】「金髪のツインテールの子は誰？」アニメラストのキャラは結局誰なのかｗｗｗｗｗｗｗ,http://monst24.jp/62841/
"Wed, 14 Jun 2017 15:02:12 +0000",【モンスト】33階の難しさって他の階とはまた違った難しさだな,http://www.mstsoku.com/archives/%e3%80%90%e3%83%a2%e3%83%b3%e3%82%b9%e3%83%88%e3%80%9133%e9%9a%8e%e3%81%ae%e9%9b%a3%e3%81%97%e3%81%95%e3%81%a3%e3%81%a6%e4%bb%96%e3%81%ae%e9%9a%8e%e3%81%a8%e3%81%af%e3%81%be%e3%81%9f%e9%81%95%e3%81%a3.html
"Wed, 14 Jun 2017 10:02:40 +0000",【モンスト】31階で片方だけ謎に生き残る稀によくある現象,http://www.mstsoku.com/archives/%e3%80%90%e3%83%a2%e3%83%b3%e3%82%b9%e3%83%88%e3%80%9131%e9%9a%8e%e3%81%a7%e7%89%87%e6%96%b9%e3%81%a0%e3%81%91%e8%ac%8e%e3%81%ab%e7%94%9f%e3%81%8d%e6%ae%8b%e3%82%8b%e7%a8%80%e3%81%ab%e3%82%88%e3%81%8f.html
"Wed, 14 Jun 2017 08:02:34 +0000",【モンスト】28階でなんでか躓いてしまうんだが･･･,http://www.mstsoku.com/archives/%e3%80%90%e3%83%a2%e3%83%b3%e3%82%b9%e3%83%88%e3%80%9128%e9%9a%8e%e3%81%a7%e3%81%aa%e3%82%93%e3%81%a7%e3%81%8b%e8%ba%93%e3%81%84%e3%81%a6%e3%81%97%e3%81%be%e3%81%86%e3%82%93%e3%81%a0%e3%81%8c%ef%bd%a5.html
"Wed, 14 Jun 2017 03:02:40 +0000",【モンスト】クシナダのドロップ率極端に悪く思うんだが気のせいか?,http://www.mstsoku.com/archives/%e3%80%90%e3%83%a2%e3%83%b3%e3%82%b9%e3%83%88%e3%80%91%e3%82%af%e3%82%b7%e3%83%8a%e3%83%80%e3%81%ae%e3%83%89%e3%83%ad%e3%83%83%e3%83%97%e7%8e%87%e6%a5%b5%e7%ab%af%e3%81%ab%e6%82%aa%e3%81%8f%e6%80%9d.html
"Tue, 13 Jun 2017 15:02:30 +0000",【モンスト】闇時とかでテキーラは････うーん,http://www.mstsoku.com/archives/%e3%80%90%e3%83%a2%e3%83%b3%e3%82%b9%e3%83%88%e3%80%91%e9%97%87%e6%99%82%e3%81%a8%e3%81%8b%e3%81%a7%e3%83%86%e3%82%ad%e3%83%bc%e3%83%a9%e3%81%af%ef%bd%a5%ef%bd%a5%ef%bd%a5%ef%bd%a5%e3%81%86%e3%83%bc.html
"Tue, 13 Jun 2017 10:02:35 +0000",【モンスト】みんな37階ってどうやってクリアしてるんだ・・・？,http://www.mstsoku.com/archives/%e3%80%90%e3%83%a2%e3%83%b3%e3%82%b9%e3%83%88%e3%80%91%e3%81%bf%e3%82%93%e3%81%aa37%e9%9a%8e%e3%81%a3%e3%81%a6%e3%81%a9%e3%81%86%e3%82%84%e3%81%a3%e3%81%a6%e3%82%af%e3%83%aa%e3%82%a2%e3%81%97%e3%81%a6.html
"Tue, 13 Jun 2017 08:02:14 +0000",【モンスト】32階ってADWって必要？いらない？,http://www.mstsoku.com/archives/%e3%80%90%e3%83%a2%e3%83%b3%e3%82%b9%e3%83%88%e3%80%9132%e9%9a%8e%e3%81%a3%e3%81%a6adw%e3%81%a3%e3%81%a6%e5%bf%85%e8%a6%81%ef%bc%9f%e3%81%84%e3%82%89%e3%81%aa%e3%81%84%ef%bc%9f.html
"Tue, 13 Jun 2017 03:02:44 +0000",【モンスト】属性ガチャは期待してはいけない･･･いけないんだ,http://www.mstsoku.com/archives/%e3%80%90%e3%83%a2%e3%83%b3%e3%82%b9%e3%83%88%e3%80%91%e5%b1%9e%e6%80%a7%e3%82%ac%e3%83%81%e3%83%a3%e3%81%af%e6%9c%9f%e5%be%85%e3%81%97%e3%81%a6%e3%81%af%e3%81%84%e3%81%91%e3%81%aa%e3%81%84%ef%bd%a5.html
"Tue, 13 Jun 2017 03:02:23 +0000",【モンスト】37階までこれたがこれ無理だわ･･･,http://www.mstsoku.com/archives/%e3%80%90%e3%83%a2%e3%83%b3%e3%82%b9%e3%83%88%e3%80%9137%e9%9a%8e%e3%81%be%e3%81%a7%e3%81%93%e3%82%8c%e3%81%9f%e3%81%8c%e3%81%93%e3%82%8c%e7%84%a1%e7%90%86%e3%81%a0%e3%82%8f%ef%bd%a5%ef%bd%a5%ef%bd%a5.html
"Tue, 13 Jun 2017 01:15:14 +0000",【モンスト】本日12時(正午)からガチャ「水の遊宴」開催！,http://www.mstsoku.com/archives/%e3%80%90%e3%83%a2%e3%83%b3%e3%82%b9%e3%83%88%e3%80%91%e6%9c%ac%e6%97%a512%e6%99%82%e6%ad%a3%e5%8d%88%e3%81%8b%e3%82%89%e3%82%ac%e3%83%81%e3%83%a3%e3%80%8c%e6%b0%b4%e3%81%ae%e9%81%8a%e5%ae%b4.html
2017-04-24T21:13:25+09:00,【モンスト】明日12時（正午）～ガチャ「モンストコレクション」！グィネヴィア、アラジン、螢光院ヒカリ等の人気16体の出現確率超UP＆ラック5排出！,http://www.mnst-matome.com/archives/1065675794.html
2017-04-24T19:51:52+09:00,【モンスト】Ver.9.0アップデートのメンテナンスを、今夜AM0:00～AM5:00頃の間で実施！,http://www.mnst-matome.com/archives/1065674717.html
2017-04-24T16:47:02+09:00,【モンスト】アニメ「幽☆遊☆白書」と「モンスト」とのコラボイベント第2弾が期間限定で開催決定！,http://www.mnst-matome.com/archives/1065672467.html
2017-04-24T14:38:23+09:00,【モンスト】5/3（水）19:00～モンストアニメGWスペシャル「センリツのルシファー ただひとつの始まりの歌」を配信！,http://www.mnst-matome.com/archives/1065670926.html
2017-04-23T22:25:09+09:00,【モンスト】明日12時（正午）～ガチャ「討爆伝」開催！「レンブラント」「宮本武蔵」「機光院チヨ」の3体は出現確率が更にUP！,http://www.mnst-matome.com/archives/1065661197.html
2017-04-22T19:24:12+09:00,【モンスト】「螢光院ヒカリ」の『獣神化』を使ってみた動画がｷﾀ━━━━(ﾟ∀ﾟ)━━━━!!!!,http://www.mnst-matome.com/archives/1065643830.html
2017-04-22T19:21:03+09:00,【モンスト】反射キャラで最速のスピード！？「星光の機巧闘姫 ヒカリ」のステータス詳細が公開！,http://www.mnst-matome.com/archives/1065643810.html
2017-04-22T17:05:26+09:00,【モンスト】モンストの単独オーケストラコンサートを4/27に開催！当日演奏される楽曲リストに超絶「カイン」のBGMを追加！,http://www.mnst-matome.com/archives/1065642219.html
2017-04-22T15:36:44+09:00,【モンスト】モンストアニメ最新話 本日19時配信！第4話「焼き鳥・男気・冒険王」は、本日4/22 19時配信スタート！,http://www.mnst-matome.com/archives/1065641247.html
2017-04-22T10:34:22+09:00,【モンスト】ワルプルギスvsスクルド強いのはまさかのこっち！？,http://www.mnst-matome.com/archives/1065637110.html
